[
  {
    "export" : true,
    "identifier" : 7234520588768485921,
    "documentURL" : "file:\/\/\/Users\/jonhammond\/Library\/Mobile%20Documents\/com~apple~CloudDocs\/Origami-Studio-Systems\/Components\/iOS\/JonathanHammond\/JonathanHammondOrigamiSystem.origami",
    "name" : "Cards"
  },
  {
    "export" : true,
    "identifier" : 4111923711233188918,
    "documentURL" : "file:\/\/\/Users\/jonhammond\/Library\/Mobile%20Documents\/com~apple~CloudDocs\/Origami-Studio-Systems\/Components\/iOS\/JonathanHammond\/JonathanHammondOrigamiSystem.origami",
    "name" : "Floating Action Button"
  },
  {
    "export" : true,
    "identifier" : 2342609634176265368,
    "documentURL" : "file:\/\/\/Users\/jonhammond\/Library\/Mobile%20Documents\/com~apple~CloudDocs\/Origami-Studio-Systems\/Components\/iOS\/JonathanHammond\/JonathanHammondOrigamiSystem.origami",
    "name" : "JH"
  },
  {
    "export" : true,
    "identifier" : 2465756180411711035,
    "documentURL" : "file:\/\/\/Users\/jonhammond\/Library\/Mobile%20Documents\/com~apple~CloudDocs\/Origami-Studio-Systems\/Components\/iOS\/JonathanHammond\/JonathanHammondOrigamiSystem.origami",
    "name" : "Screen Cards"
  },
  {
    "export" : true,
    "identifier" : 442664068533907834,
    "documentURL" : "file:\/\/\/Users\/jonhammond\/Library\/Mobile%20Documents\/com~apple~CloudDocs\/Origami-Studio-Systems\/Components\/iOS\/JonathanHammond\/JonathanHammondOrigamiSystem.origami",
    "name" : "Screen Scroller"
  },
  {
    "export" : true,
    "identifier" : 12428178429582544442,
    "documentURL" : "file:\/\/\/Users\/jonhammond\/Library\/Mobile%20Documents\/com~apple~CloudDocs\/Origami-Studio-Systems\/Components\/iOS\/JonathanHammond\/JonathanHammondOrigamiSystem.origami",
    "name" : "Screen Stacked"
  },
  {
    "export" : true,
    "identifier" : 17278744306687526434,
    "documentURL" : "file:\/\/\/Users\/jonhammond\/Library\/Mobile%20Documents\/com~apple~CloudDocs\/Origami-Studio-Systems\/Components\/iOS\/JonathanHammond\/JonathanHammondOrigamiSystem.origami",
    "name" : "Screen Tinder"
  },
  {
    "export" : true,
    "identifier" : 4436610415170547548,
    "documentURL" : "file:\/\/\/Users\/jonhammond\/Library\/Mobile%20Documents\/com~apple~CloudDocs\/Origami-Studio-Systems\/Components\/iOS\/JonathanHammond\/JonathanHammondOrigamiSystem.origami",
    "name" : "Scroller"
  },
  {
    "export" : true,
    "identifier" : 645032817116173268,
    "documentURL" : "file:\/\/\/Users\/jonhammond\/Library\/Mobile%20Documents\/com~apple~CloudDocs\/Origami-Studio-Systems\/Components\/iOS\/JonathanHammond\/JonathanHammondOrigamiSystem.origami",
    "name" : "Sliders"
  },
  {
    "export" : true,
    "identifier" : 11531713777539869636,
    "documentURL" : "file:\/\/\/Users\/jonhammond\/Library\/Mobile%20Documents\/com~apple~CloudDocs\/Origami-Studio-Systems\/Components\/iOS\/JonathanHammond\/JonathanHammondOrigamiSystem.origami",
    "name" : "Stacked"
  },
  {
    "export" : true,
    "identifier" : 13789699624527810492,
    "documentURL" : "file:\/\/\/Users\/jonhammond\/Library\/Mobile%20Documents\/com~apple~CloudDocs\/Origami-Studio-Systems\/Components\/iOS\/JonathanHammond\/JonathanHammondOrigamiSystem.origami",
    "name" : "Tab Bar v2"
  },
  {
    "export" : true,
    "identifier" : 18274919618568101816,
    "documentURL" : "file:\/\/\/Users\/jonhammond\/Library\/Mobile%20Documents\/com~apple~CloudDocs\/Origami-Studio-Systems\/Components\/iOS\/JonathanHammond\/JonathanHammondOrigamiSystem.origami",
    "name" : "Tinder"
  },
  {
    "export" : true,
    "identifier" : 5193374208021487233,
    "documentURL" : "file:\/\/\/Users\/jonhammond\/Library\/Mobile%20Documents\/com~apple~CloudDocs\/Origami-Studio-Systems\/Components\/iOS\/JonathanHammond\/JonathanHammondOrigamiSystem.origami",
    "name" : "Touch Point"
  }
]